,rider_name,rider_url
0,BARDET Romain,https://www.procyclingstats.com/rider/romain-bardet
1,DUMOULIN Samuel,https://www.procyclingstats.com/rider/samuel-dumoulin
2,GALLOPIN Tony,https://www.procyclingstats.com/rider/tony-gallopin
3,NAESEN Oliver,https://www.procyclingstats.com/rider/oliver-naesen
4,FRANK Mathias,https://www.procyclingstats.com/rider/mathias-frank
5,VUILLERMOZ Alexis,https://www.procyclingstats.com/rider/alexis-vuillermoz
6,LATOUR Pierre,https://www.procyclingstats.com/rider/pierre-latour
7,GENIEZ Alexandre,https://www.procyclingstats.com/rider/alexandre-geniez
8,DUPONT Hubert,https://www.procyclingstats.com/rider/hubert-dupont
9,DILLIER Silvan,https://www.procyclingstats.com/rider/silvan-dillier
10,COSNEFROY Benoît,https://www.procyclingstats.com/rider/benoit-cosnefroy
11,CHEREL Mikaël,https://www.procyclingstats.com/rider/mikael-cherel
12,VANDENBERGH Stijn,https://www.procyclingstats.com/rider/stijn-vandenbergh
13,VENTURINI Clément,https://www.procyclingstats.com/rider/clement-venturini
14,GOUGEARD Alexis,https://www.procyclingstats.com/rider/alexis-gougeard
15,BAGDONAS Gediminas,https://www.procyclingstats.com/rider/gediminas-bagdonas
16,PARET-PEINTRE Aurélien,https://www.procyclingstats.com/rider/aurelien-paret-peintre
17,GODON Dorian,https://www.procyclingstats.com/rider/dorian-godon
18,GASTAUER Ben,https://www.procyclingstats.com/rider/ben-gastauer
19,WARBASSE Larry,https://www.procyclingstats.com/rider/lawrence-warbasse
20,PETERS Nans,https://www.procyclingstats.com/rider/nans-peters
21,DUVAL Julien,https://www.procyclingstats.com/rider/julien-duval
22,CHAMPOUSSIN Clément,https://www.procyclingstats.com/rider/clement-champoussin
23,JAUREGUI Quentin,https://www.procyclingstats.com/rider/quentin-jauregui
24,DENZ Nico,https://www.procyclingstats.com/rider/nico-denz
25,BOUCHARD Geoffrey,https://www.procyclingstats.com/rider/geoffrey-bouchard
26,DOMONT Axel,https://www.procyclingstats.com/rider/axel-domont
27,BIDARD François,https://www.procyclingstats.com/rider/francois-bidard
28,CHEVRIER Clément,https://www.procyclingstats.com/rider/clement-chevrier
29,JORGENSON Matteo,https://www.procyclingstats.com/rider/matteo-jorgenson
30,HÄNNINEN Jaakko,https://www.procyclingstats.com/rider/jaakko-hanninen
31,JULLIEN Anthony,https://www.procyclingstats.com/rider/anthony-jullien
32,FUGLSANG Jakob,https://www.procyclingstats.com/rider/jakob-fuglsang
33,SÁNCHEZ Luis León,https://www.procyclingstats.com/rider/luis-leon-sanchez
34,IZAGIRRE Ion,https://www.procyclingstats.com/rider/ion-izagirre
35,LÓPEZ Miguel Ángel,https://www.procyclingstats.com/rider/miguel-angel-lopez
36,LUTSENKO Alexey,https://www.procyclingstats.com/rider/aleksey-lutsenko
37,IZAGIRRE Gorka,https://www.procyclingstats.com/rider/gorka-izagirre
38,BILBAO Pello,https://www.procyclingstats.com/rider/pello-bilbao
39,CORT Magnus,https://www.procyclingstats.com/rider/magnus-cort-nielsen
40,CATALDO Dario,https://www.procyclingstats.com/rider/dario-cataldo
41,VILLELLA Davide,https://www.procyclingstats.com/rider/davide-villella
42,KUDUS Merhawi,https://www.procyclingstats.com/rider/merhawi-kudus
43,ZEITS Andrey,https://www.procyclingstats.com/rider/andrey-zeits
44,FRAILE Omar,https://www.procyclingstats.com/rider/omar-fraile
45,BALLERINI Davide,https://www.procyclingstats.com/rider/davide-ballerini
46,HIRT Jan,https://www.procyclingstats.com/rider/jan-hirt
47,BOARO Manuele,https://www.procyclingstats.com/rider/manuele-boaro
48,GRUZDEV Dmitriy,https://www.procyclingstats.com/rider/dmitriy-gruzdev
49,HOULE Hugo,https://www.procyclingstats.com/rider/hugo-houle
50,DE VREESE Laurens,https://www.procyclingstats.com/rider/laurens-de-vreese
51,GIDICH Yevgeniy,https://www.procyclingstats.com/rider/yevgeniy-gidich
52,STALNOV Nikita,https://www.procyclingstats.com/rider/nikita-stalnov
53,FOMINYKH Daniil,https://www.procyclingstats.com/rider/daniil-fominykh
54,BIZHIGITOV Zhandos,https://www.procyclingstats.com/rider/zhandos-bizhigitov
55,PRONSKIY Vadim,https://www.procyclingstats.com/rider/vadim-pronskiy
56,GREGAARD Jonas,https://www.procyclingstats.com/rider/jonas-gregaard
57,BOHÓRQUEZ Hernando,https://www.procyclingstats.com/rider/hernando-bohorquez
58,CONTRERAS Rodrigo,https://www.procyclingstats.com/rider/rodrigo-contreras
59,NATAROV Yuriy,https://www.procyclingstats.com/rider/yuriy-natarov
60,ZAKHAROV Artyom,https://www.procyclingstats.com/rider/artyom-zakharov
61,NIBALI Vincenzo,https://www.procyclingstats.com/rider/vincenzo-nibali
62,POZZOVIVO Domenico,https://www.procyclingstats.com/rider/domenico-pozzovivo
63,COLBRELLI Sonny,https://www.procyclingstats.com/rider/sonny-colbrelli
64,DENNIS Rohan,https://www.procyclingstats.com/rider/rohan-dennis
65,HAUSSLER Heinrich,https://www.procyclingstats.com/rider/heinrich-haussler
66,CARUSO Damiano,https://www.procyclingstats.com/rider/damiano-caruso
67,TEUNS Dylan,https://www.procyclingstats.com/rider/dylan-teuns
68,BOLE Grega,https://www.procyclingstats.com/rider/grega-bole
69,MOHORIČ Matej,https://www.procyclingstats.com/rider/matej-mohoric
70,ARASHIRO Yukiya,https://www.procyclingstats.com/rider/yukiya-arashiro
71,SIEBERG Marcel,https://www.procyclingstats.com/rider/marcel-sieberg
72,BAUHAUS Phil,https://www.procyclingstats.com/rider/phil-bauhaus
73,TRATNIK Jan,https://www.procyclingstats.com/rider/jan-tratnik
74,AGNOLI Valerio,https://www.procyclingstats.com/rider/valerio-agnoli
75,KOREN Kristijan,https://www.procyclingstats.com/rider/kristijan-koren
76,GARCÍA CORTINA Iván,https://www.procyclingstats.com/rider/ivan-garcia-cortina
77,PERNSTEINER Hermann,https://www.procyclingstats.com/rider/hermann-pernsteiner
78,PADUN Mark,https://www.procyclingstats.com/rider/mark-padun
79,WANG Meiyin,https://www.procyclingstats.com/rider/meiyin-wang
80,PIBERNIK Luka,https://www.procyclingstats.com/rider/luka-pibernik
81,FENG Chun Kai,https://www.procyclingstats.com/rider/chun-kai-feng
82,NOVAK Domen,https://www.procyclingstats.com/rider/domen-novak
83,WILLIAMS Stephen,https://www.procyclingstats.com/rider/stephen-williams
84,NIBALI Antonio,https://www.procyclingstats.com/rider/antonio-nibali
85,GAROSIO Andrea,https://www.procyclingstats.com/rider/andrea-garosio
86,SAGAN Peter,https://www.procyclingstats.com/rider/peter-sagan
87,MAJKA Rafał,https://www.procyclingstats.com/rider/rafal-majka
88,BENNETT Sam,https://www.procyclingstats.com/rider/sam-bennett
89,ACKERMANN Pascal,https://www.procyclingstats.com/rider/pascal-ackermann
90,DRUCKER Jempy,https://www.procyclingstats.com/rider/jean-pierre-drucker
91,SCHACHMANN Maximilian,https://www.procyclingstats.com/rider/maximilian-schachmann
92,KONRAD Patrick,https://www.procyclingstats.com/rider/patrick-konrad
93,FORMOLO Davide,https://www.procyclingstats.com/rider/davide-formolo
94,BUCHMANN Emanuel,https://www.procyclingstats.com/rider/emanuel-buchmann
95,OSS Daniel,https://www.procyclingstats.com/rider/daniel-oss
96,BURGHARDT Marcus,https://www.procyclingstats.com/rider/marcus-burghardt
97,GATTO Oscar,https://www.procyclingstats.com/rider/oscar-gatto
98,BODNAR Maciej,https://www.procyclingstats.com/rider/maciej-bodnar
99,KÖNIG Leopold,https://www.procyclingstats.com/rider/leopold-konig
100,GROßSCHARTNER Felix,https://www.procyclingstats.com/rider/felix-grossschartner
101,MCCARTHY Jay,https://www.procyclingstats.com/rider/jay-mccarthy
102,KENNAUGH Peter,https://www.procyclingstats.com/rider/peter-kennaugh
103,MÜHLBERGER Gregor,https://www.procyclingstats.com/rider/gregor-muhlberger
104,SELIG Rüdiger,https://www.procyclingstats.com/rider/rudiger-selig
105,PÖSTLBERGER Lukas,https://www.procyclingstats.com/rider/lukas-postlberger
106,BENEDETTI Cesare,https://www.procyclingstats.com/rider/cesare-benedetti
107,SCHILLINGER Andreas,https://www.procyclingstats.com/rider/andreas-schillinger
108,POLJAŃSKI Paweł,https://www.procyclingstats.com/rider/pawel-poljanski
109,PFINGSTEN Christoph,https://www.procyclingstats.com/rider/christoph-pfingsten
110,BAŠKA Erik,https://www.procyclingstats.com/rider/erik-baska
111,SCHWARZMANN Michael,https://www.procyclingstats.com/rider/michael-schwarzmann
112,ARCHBOLD Shane,https://www.procyclingstats.com/rider/shane-archbold
113,SAGAN Juraj,https://www.procyclingstats.com/rider/juraj-sagan
114,VAN AVERMAET Greg,https://www.procyclingstats.com/rider/greg-van-avermaet
115,VENTOSO Francisco José,https://www.procyclingstats.com/rider/fran-ventoso
116,TEN DAM Laurens,https://www.procyclingstats.com/rider/laurens-ten-dam
117,GESCHKE Simon,https://www.procyclingstats.com/rider/simon-geschke
118,DE MARCHI Alessandro,https://www.procyclingstats.com/rider/alessandro-de-marchi
119,PAUWELS Serge,https://www.procyclingstats.com/rider/serge-pauwels
120,MARECZKO Jakub,https://www.procyclingstats.com/rider/jakub-mareczko
121,SCHÄR Michael,https://www.procyclingstats.com/rider/michael-schar
122,BEVIN Patrick,https://www.procyclingstats.com/rider/patrick-bevin
123,ZOIDL Riccardo,https://www.procyclingstats.com/rider/riccardo-zoidl
124,DE LA PARTE Víctor,https://www.procyclingstats.com/rider/victor-de-la-parte
125,VAN KEIRSBULCK Guillaume,https://www.procyclingstats.com/rider/guillaume-van-keirsbulck
126,ROSSKOPF Joey,https://www.procyclingstats.com/rider/joey-rosskopf
127,ČERNÝ Josef,https://www.procyclingstats.com/rider/josef-cerny
128,ANTUNES Amaro,https://www.procyclingstats.com/rider/amaro-manuel-antunes
129,WIŚNIOWSKI Łukasz,https://www.procyclingstats.com/rider/lukasz-wisniowski
130,KOCH Jonas,https://www.procyclingstats.com/rider/jonas-koch
131,GRADEK Kamil,https://www.procyclingstats.com/rider/kamil-gradek
132,OWSIAN Łukasz,https://www.procyclingstats.com/rider/lukasz-owsian
133,VAN HOECKE Gijs,https://www.procyclingstats.com/rider/gijs-van-hoecke
134,BERNAS Paweł,https://www.procyclingstats.com/rider/pawel-bernas
135,VAN HOOYDONCK Nathan,https://www.procyclingstats.com/rider/nathan-van-hooydonck
136,SAJNOK Szymon,https://www.procyclingstats.com/rider/szymon-sajnok
137,ZIMMERMANN Georg,https://www.procyclingstats.com/rider/georg-zimmermann
138,WRIGHT Fred,https://www.procyclingstats.com/rider/alfred-wright
139,BARTA Will,https://www.procyclingstats.com/rider/william-barta
140,GILBERT Philippe,https://www.procyclingstats.com/rider/philippe-gilbert
141,ALAPHILIPPE Julian,https://www.procyclingstats.com/rider/julian-alaphilippe
142,VIVIANI Elia,https://www.procyclingstats.com/rider/elia-viviani
143,ŠTYBAR Zdeněk,https://www.procyclingstats.com/rider/zdenek-stybar
144,LAMPAERT Yves,https://www.procyclingstats.com/rider/yves-lampaert
145,JUNGELS Bob,https://www.procyclingstats.com/rider/bob-jungels
146,MAS Enric,https://www.procyclingstats.com/rider/enric-mas
147,RICHEZE Maximiliano,https://www.procyclingstats.com/rider/ariel-maximiliano-richeze
148,DEVENYNS Dries,https://www.procyclingstats.com/rider/dries-devenyns
149,SÉNÉCHAL Florian,https://www.procyclingstats.com/rider/florian-senechal
150,EVENEPOEL Remco,https://www.procyclingstats.com/rider/remco-evenepoel
151,ASGREEN Kasper,https://www.procyclingstats.com/rider/kasper-asgreen
152,MØRKØV Michael,https://www.procyclingstats.com/rider/michael-morkov
153,CAPECCHI Eros,https://www.procyclingstats.com/rider/eros-capecchi
154,JAKOBSEN Fabio,https://www.procyclingstats.com/rider/fabio-jakobsen
155,SERRY Pieter,https://www.procyclingstats.com/rider/pieter-serry
156,VAKOČ Petr,https://www.procyclingstats.com/rider/petr-vakoc
157,CAVAGNA Rémi,https://www.procyclingstats.com/rider/remi-cavagna
158,SABATINI Fabio,https://www.procyclingstats.com/rider/fabio-sabatini
159,HODEG Álvaro José,https://www.procyclingstats.com/rider/alvaro-jose-hodeg
160,KEISSE Iljo,https://www.procyclingstats.com/rider/iljo-keisse
161,HONORÉ Mikkel Frølich,https://www.procyclingstats.com/rider/mikkel-honore
162,DECLERCQ Tim,https://www.procyclingstats.com/rider/tim-declercq
163,KNOX James,https://www.procyclingstats.com/rider/james-knox
164,STEIMLE Jannik,https://www.procyclingstats.com/rider/jannik-steimle
165,MARTINELLI Davide,https://www.procyclingstats.com/rider/davide-martinelli
166,GAZE Samuel,https://www.procyclingstats.com/rider/samuel-gaze
167,URÁN Rigoberto,https://www.procyclingstats.com/rider/rigoberto-uran
168,VAN GARDEREN Tejay,https://www.procyclingstats.com/rider/tejay-van-garderen
169,BRESCHEL Matti,https://www.procyclingstats.com/rider/matti-breschel
170,VANMARCKE Sep,https://www.procyclingstats.com/rider/sep-vanmarcke
171,WOODS Michael,https://www.procyclingstats.com/rider/michael-woods
172,MODOLO Sacha,https://www.procyclingstats.com/rider/sacha-modolo
173,CLARKE Simon,https://www.procyclingstats.com/rider/simon-clarke
174,KANGERT Tanel,https://www.procyclingstats.com/rider/tanel-kangert
175,LANGEVELD Sebastian,https://www.procyclingstats.com/rider/sebastian-langeveld
176,PHINNEY Taylor,https://www.procyclingstats.com/rider/taylor-phinney
177,CARTHY Hugh,https://www.procyclingstats.com/rider/hugh-carthy
178,BETTIOL Alberto,https://www.procyclingstats.com/rider/alberto-bettiol
179,MARTÍNEZ Daniel Felipe,https://www.procyclingstats.com/rider/daniel-felipe-martinez
180,HOFLAND Moreno,https://www.procyclingstats.com/rider/moreno-hofland
181,HIGUITA Sergio,https://www.procyclingstats.com/rider/sergio-higuita
182,MCLAY Daniel,https://www.procyclingstats.com/rider/daniel-mclay
183,DOMBROWSKI Joe,https://www.procyclingstats.com/rider/joe-dombrowski
184,CRADDOCK Lawson,https://www.procyclingstats.com/rider/lawson-craddock
185,DOCKER Mitchell,https://www.procyclingstats.com/rider/mitchell-docker
186,HOWES Alex,https://www.procyclingstats.com/rider/alex-howes
187,MORTON Lachlan,https://www.procyclingstats.com/rider/lachlan-morton
188,CAICEDO Jonathan Klever,https://www.procyclingstats.com/rider/jonathan-klever-caicedo
189,BROWN Nathan,https://www.procyclingstats.com/rider/nathan-brown
190,SCULLY Tom,https://www.procyclingstats.com/rider/thomas-scully
191,WALLS Matthew,https://www.procyclingstats.com/rider/matthew-walls
192,VAN DEN BERG Julius,https://www.procyclingstats.com/rider/julius-van-den-berg
193,OWEN Logan,https://www.procyclingstats.com/rider/logan-owen
194,BENNETT Sean,https://www.procyclingstats.com/rider/sean-bennett
195,VILLALOBOS Luis,https://www.procyclingstats.com/rider/luis-villalobos-hernandez
196,WHELAN James,https://www.procyclingstats.com/rider/james-whelan
197,PINOT Thibaut,https://www.procyclingstats.com/rider/thibaut-pinot
198,DÉMARE Arnaud,https://www.procyclingstats.com/rider/arnaud-demare
199,KÜNG Stefan,https://www.procyclingstats.com/rider/stefan-kung
200,GAUDU David,https://www.procyclingstats.com/rider/david-gaudu
201,LADAGNOUS Matthieu,https://www.procyclingstats.com/rider/matthieu-ladagnous
202,ROUX Anthony,https://www.procyclingstats.com/rider/anthony-roux
203,REICHENBACH Sébastien,https://www.procyclingstats.com/rider/sebastien-reichenbach
204,MOLARD Rudy,https://www.procyclingstats.com/rider/rudy-molard
205,VAUGRENARD Benoît,https://www.procyclingstats.com/rider/benoit-vaugrenard
206,MORABITO Steve,https://www.procyclingstats.com/rider/steve-morabito
207,BONNET William,https://www.procyclingstats.com/rider/william-bonnet
208,SARREAU Marc,https://www.procyclingstats.com/rider/marc-sarreau
209,KONOVALOVAS Ignatas,https://www.procyclingstats.com/rider/ignatas-konovalovas
210,MADOUAS Valentin,https://www.procyclingstats.com/rider/valentin-madouas
211,DELAGE Mickaël,https://www.procyclingstats.com/rider/mickael-delage
212,SINKELDAM Ramon,https://www.procyclingstats.com/rider/ramon-sinkeldam
213,GUARNIERI Jacopo,https://www.procyclingstats.com/rider/jacopo-guarnieri
214,LUDVIGSSON Tobias,https://www.procyclingstats.com/rider/tobias-ludvigsson
215,PREIDLER Georg,https://www.procyclingstats.com/rider/georg-preidler
216,LE GAC Olivier,https://www.procyclingstats.com/rider/olivier-le-gac
217,THOMAS Benjamin,https://www.procyclingstats.com/rider/benjamin-thomas-2
218,FRANKINY Kilian,https://www.procyclingstats.com/rider/kilian-frankiny
219,DUCHESNE Antoine,https://www.procyclingstats.com/rider/antoine-duchesne
220,SCOTSON Miles,https://www.procyclingstats.com/rider/miles-scotson
221,HOELGAARD Daniel,https://www.procyclingstats.com/rider/daniel-hoelgaard
222,ARMIRAIL Bruno,https://www.procyclingstats.com/rider/bruno-armirail
223,GENIETS Kevin,https://www.procyclingstats.com/rider/kevin-geniets
224,SEIGLE Romain,https://www.procyclingstats.com/rider/romain-seigle
225,LOUVEL Matis,https://www.procyclingstats.com/rider/matis-louvel
226,BRUNEL Alexys,https://www.procyclingstats.com/rider/alexys-brunel
227,VINCENT Léo,https://www.procyclingstats.com/rider/leo-vincent
228,JERMAN Žiga,https://www.procyclingstats.com/rider/ziga-jerman
229,WELLENS Tim,https://www.procyclingstats.com/rider/tim-wellens
230,MONFORT Maxime,https://www.procyclingstats.com/rider/maxime-monfort
231,EWAN Caleb,https://www.procyclingstats.com/rider/caleb-ewan
232,BENOOT Tiesj,https://www.procyclingstats.com/rider/tiesj-benoot
233,KEUKELEIRE Jens,https://www.procyclingstats.com/rider/jens-keukeleire
234,DE GENDT Thomas,https://www.procyclingstats.com/rider/thomas-de-gendt
235,VANENDERT Jelle,https://www.procyclingstats.com/rider/jelle-vanendert
236,CAMPENAERTS Victor,https://www.procyclingstats.com/rider/victor-campenaerts
237,VAN DER SANDE Tosh,https://www.procyclingstats.com/rider/tosh-van-der-sande
238,WALLAYS Jelle,https://www.procyclingstats.com/rider/jelle-wallays
239,BLYTHE Adam,https://www.procyclingstats.com/rider/adam-blythe
240,DE BUYST Jasper,https://www.procyclingstats.com/rider/jasper-de-buyst
241,HANSEN Adam,https://www.procyclingstats.com/rider/adam-hansen
242,MARCZYŃSKI Tomasz,https://www.procyclingstats.com/rider/tomasz-marczynski
243,MAES Nikolas,https://www.procyclingstats.com/rider/nikolas-maes
244,ARMÉE Sander,https://www.procyclingstats.com/rider/sander-armee
245,KLUGE Roger,https://www.procyclingstats.com/rider/roger-kluge
246,LAMBRECHT Bjorg,https://www.procyclingstats.com/rider/bjorg-lambrecht
247,HAGEN Carl Fredrik,https://www.procyclingstats.com/rider/carl-fredrik-hagen
248,DEWULF Stan,https://www.procyclingstats.com/rider/stan-dewulf
249,NAESEN Lawrence,https://www.procyclingstats.com/rider/lawrence-naesen
250,VANHOUCKE Harm,https://www.procyclingstats.com/rider/harm-vanhoucke
251,MERTZ Rémy,https://www.procyclingstats.com/rider/remy-mertz
252,VAN MOER Brent,https://www.procyclingstats.com/rider/brent-van-moer
253,THIJSSEN Gerben,https://www.procyclingstats.com/rider/gerben-thijssen
254,VAN GOETHEM Brian,https://www.procyclingstats.com/rider/brian-van-goethem
255,FRISON Frederik,https://www.procyclingstats.com/rider/frederik-frison
256,WOUTERS Enzo,https://www.procyclingstats.com/rider/enzo-wouters
257,IVERSEN Rasmus,https://www.procyclingstats.com/rider/rasmus-byriel-iversen
258,YATES Adam,https://www.procyclingstats.com/rider/adam-yates
259,ALBASINI Michael,https://www.procyclingstats.com/rider/michael-albasini
260,TRENTIN Matteo,https://www.procyclingstats.com/rider/matteo-trentin
261,YATES Simon,https://www.procyclingstats.com/rider/simon-yates
262,NIEVE Mikel,https://www.procyclingstats.com/rider/mikel-nieve
263,IMPEY Daryl,https://www.procyclingstats.com/rider/daryl-impey
264,CHAVES Esteban,https://www.procyclingstats.com/rider/johan-esteban-chaves
265,MEZGEC Luka,https://www.procyclingstats.com/rider/luka-mezgec
266,HAYMAN Mathew,https://www.procyclingstats.com/rider/mathew-hayman
267,DURBRIDGE Luke,https://www.procyclingstats.com/rider/luke-durbridge
268,HAIG Jack,https://www.procyclingstats.com/rider/jack-haig
269,BOOKWALTER Brent,https://www.procyclingstats.com/rider/brent-bookwalter
270,MEYER Cameron,https://www.procyclingstats.com/rider/cameron-meyer
271,JUUL-JENSEN Christopher,https://www.procyclingstats.com/rider/christopher-juul-jensen
272,SMITH Dion,https://www.procyclingstats.com/rider/dion-smith
273,BAUER Jack,https://www.procyclingstats.com/rider/jack-bauer
274,HOWSON Damien,https://www.procyclingstats.com/rider/damien-howson
275,HAMILTON Lucas,https://www.procyclingstats.com/rider/lucas-hamilton
276,GRMAY Tsgabu,https://www.procyclingstats.com/rider/tsgabu-gebremaryam-grmay
277,HEPBURN Michael,https://www.procyclingstats.com/rider/michael-hepburn
278,SCHULTZ Nick,https://www.procyclingstats.com/rider/nick-schultz
279,STANNARD Robert,https://www.procyclingstats.com/rider/robert-stannard
280,AFFINI Edoardo,https://www.procyclingstats.com/rider/edoardo-affini
281,EDMONDSON Alex,https://www.procyclingstats.com/rider/alexander-edmondson
282,BEWLEY Sam,https://www.procyclingstats.com/rider/sam-bewley
283,GROVES Kaden,https://www.procyclingstats.com/rider/kaden-groves
284,PEÁK Barnabás,https://www.procyclingstats.com/rider/barnabas-peak
285,SCOTSON Callum,https://www.procyclingstats.com/rider/callum-scotson
286,FOUCHÉ James,https://www.procyclingstats.com/rider/james-fouche
287,VALVERDE Alejandro,https://www.procyclingstats.com/rider/alejandro-valverde
288,QUINTANA Nairo,https://www.procyclingstats.com/rider/nairo-quintana
289,BENNATI Daniele,https://www.procyclingstats.com/rider/daniele-bennati
290,ROJAS José Joaquín,https://www.procyclingstats.com/rider/jose-joaquin-rojas
291,LANDA Mikel,https://www.procyclingstats.com/rider/mikel-landa
292,ROELANDTS Jürgen,https://www.procyclingstats.com/rider/jurgen-roelandts
293,CARAPAZ Richard,https://www.procyclingstats.com/rider/richard-carapaz
294,BETANCUR Carlos,https://www.procyclingstats.com/rider/carlos-betancur
295,AMADOR Andrey,https://www.procyclingstats.com/rider/andrey-amador
296,OLIVEIRA Nelson,https://www.procyclingstats.com/rider/nelson-oliveira
297,SOLER Marc,https://www.procyclingstats.com/rider/marc-soler
298,BARBERO Carlos,https://www.procyclingstats.com/rider/carlos-barbero
299,PRADES Eduard,https://www.procyclingstats.com/rider/eduard-prades
300,ERVITI Imanol,https://www.procyclingstats.com/rider/imanol-erviti
301,VALLS Rafael,https://www.procyclingstats.com/rider/rafael-valls
302,SEPÚLVEDA Eduardo,https://www.procyclingstats.com/rider/eduardo-sepulveda
303,FERNÁNDEZ Rubén,https://www.procyclingstats.com/rider/ruben-fernandez
304,ANACONA Winner,https://www.procyclingstats.com/rider/winner-anacona
305,VERONA Carlos,https://www.procyclingstats.com/rider/carlos-verona
306,SÜTTERLIN Jasha,https://www.procyclingstats.com/rider/jasha-sutterlin
307,PEDRERO Antonio,https://www.procyclingstats.com/rider/antonio-pedrero
308,MAS Lluís,https://www.procyclingstats.com/rider/lluis-guillermo-mas
309,CARRETERO Héctor,https://www.procyclingstats.com/rider/hector-carretero
310,ARCAS Jorge,https://www.procyclingstats.com/rider/jorge-arcas
311,ROSÓN Jaime,https://www.procyclingstats.com/rider/jaime-roson
312,CASTRILLO Jaime,https://www.procyclingstats.com/rider/jaime-castrillo
313,CAVENDISH Mark,https://www.procyclingstats.com/rider/mark-cavendish
314,BOASSON HAGEN Edvald,https://www.procyclingstats.com/rider/edvald-boasson-hagen
315,KREUZIGER Roman,https://www.procyclingstats.com/rider/roman-kreuziger
316,NIZZOLO Giacomo,https://www.procyclingstats.com/rider/giacomo-nizzolo
317,GASPAROTTO Enrico,https://www.procyclingstats.com/rider/enrico-gasparotto
318,EISEL Bernhard,https://www.procyclingstats.com/rider/bernhard-eisel
319,BAK Lars Ytting,https://www.procyclingstats.com/rider/lars-ytting-bak
320,VALGREN Michael,https://www.procyclingstats.com/rider/michael-valgren-andersen
321,RENSHAW Mark,https://www.procyclingstats.com/rider/mark-renshaw
322,SLAGTER Tom-Jelte,https://www.procyclingstats.com/rider/tom-jelte-slagter
323,CUMMINGS Steve,https://www.procyclingstats.com/rider/stephen-cummings
324,MEINTJES Louis,https://www.procyclingstats.com/rider/louis-meintjes
325,JANSE VAN RENSBURG Reinardt,https://www.procyclingstats.com/rider/reinardt-janse-van-rensburg
326,O'CONNOR Ben,https://www.procyclingstats.com/rider/ben-o-connor
327,WYSS Danilo,https://www.procyclingstats.com/rider/danilo-wyss
328,GIBBONS Ryan,https://www.procyclingstats.com/rider/ryan-gibbons
329,VERMOTE Julien,https://www.procyclingstats.com/rider/julien-vermote
330,KING Ben,https://www.procyclingstats.com/rider/benjamin-king-1
331,MÄDER Gino,https://www.procyclingstats.com/rider/gino-mader
332,GHEBREIGZABHIER Amanuel,https://www.procyclingstats.com/rider/amanuel-ghebreigzabhier
333,THOMSON Jay Robert,https://www.procyclingstats.com/rider/jay-robert-thomson
334,JANSE VAN RENSBURG Jacques,https://www.procyclingstats.com/rider/jacques-janse-van-rensburg
335,TILLER Rasmus,https://www.procyclingstats.com/rider/rasmus-tiller
336,VENTER Jaco,https://www.procyclingstats.com/rider/jaco-venter
337,DE BOD Stefan,https://www.procyclingstats.com/rider/stefan-de-bod
338,DAVIES Scott,https://www.procyclingstats.com/rider/scott-davies
339,KONYCHEV Alexander,https://www.procyclingstats.com/rider/alexander-konychev
340,DLAMINI Nic,https://www.procyclingstats.com/rider/nickolas-dlamini
341,FROOME Chris,https://www.procyclingstats.com/rider/christopher-froome
342,KWIATKOWSKI Michał,https://www.procyclingstats.com/rider/michal-kwiatkowski
343,THOMAS Geraint,https://www.procyclingstats.com/rider/geraint-thomas
344,POELS Wout,https://www.procyclingstats.com/rider/wout-poels
345,BERNAL Egan,https://www.procyclingstats.com/rider/egan-bernal
346,KIRYIENKA Vasil,https://www.procyclingstats.com/rider/vasil-kiryienka
347,SWIFT Ben,https://www.procyclingstats.com/rider/ben-swift
348,CASTROVIEJO Jonathan,https://www.procyclingstats.com/rider/jonathan-castroviejo
349,VAN BAARLE Dylan,https://www.procyclingstats.com/rider/dylan-van-baarle
350,MOSCON Gianni,https://www.procyclingstats.com/rider/gianni-moscon
351,DE LA CRUZ David,https://www.procyclingstats.com/rider/david-de-la-cruz
352,KNEES Christian,https://www.procyclingstats.com/rider/christian-knees
353,GEOGHEGAN HART Tao,https://www.procyclingstats.com/rider/tao-geoghegan-hart
354,ROSA Diego,https://www.procyclingstats.com/rider/diego-rosa
355,STANNARD Ian,https://www.procyclingstats.com/rider/ian-stannard
356,GANNA Filippo,https://www.procyclingstats.com/rider/filippo-ganna
357,ROWE Luke,https://www.procyclingstats.com/rider/luke-rowe
358,SIVAKOV Pavel,https://www.procyclingstats.com/rider/pavel-sivakov
359,GOŁAŚ Michał,https://www.procyclingstats.com/rider/michal-golas
360,ELISSONDE Kenny,https://www.procyclingstats.com/rider/kenny-elissonde
361,SOSA Iván Ramiro,https://www.procyclingstats.com/rider/ivan-ramiro-sosa
362,HALVORSEN Kristoffer,https://www.procyclingstats.com/rider/kristoffer-halvorsen
363,PUCCIO Salvatore,https://www.procyclingstats.com/rider/salvatore-puccio
364,DUNBAR Eddie,https://www.procyclingstats.com/rider/edward-irl-dunbar
365,DOULL Owain,https://www.procyclingstats.com/rider/owain-doull
366,NARVÁEZ Jhonatan,https://www.procyclingstats.com/rider/jhonatan-narvaez
367,HENAO Sebastián,https://www.procyclingstats.com/rider/sebastian-henao
368,LAWLESS Chris,https://www.procyclingstats.com/rider/christopher-lawless
369,BASSO Leonardo,https://www.procyclingstats.com/rider/leonardo-basso
370,ROGLIČ Primož,https://www.procyclingstats.com/rider/primoz-roglic
371,MARTIN Tony,https://www.procyclingstats.com/rider/tony-martin
372,GESINK Robert,https://www.procyclingstats.com/rider/robert-gesink
373,VAN AERT Wout,https://www.procyclingstats.com/rider/wout-van-aert
374,KRUIJSWIJK Steven,https://www.procyclingstats.com/rider/steven-kruijswijk
375,GROENEWEGEN Dylan,https://www.procyclingstats.com/rider/dylan-groenewegen
376,VAN POPPEL Danny,https://www.procyclingstats.com/rider/danny-van-poppel
377,BENNETT George,https://www.procyclingstats.com/rider/george-bennett
378,MARTENS Paul,https://www.procyclingstats.com/rider/paul-martens
379,TEUNISSEN Mike,https://www.procyclingstats.com/rider/mike-teunissen
380,VAN EMDEN Jos,https://www.procyclingstats.com/rider/jos-van-emden
381,WYNANTS Maarten,https://www.procyclingstats.com/rider/maarten-wynants
382,KUSS Sepp,https://www.procyclingstats.com/rider/sepp-kuss
383,VINGEGAARD Jonas,https://www.procyclingstats.com/rider/jonas-vingegaard-rasmussen
384,LEEZER Tom,https://www.procyclingstats.com/rider/tom-leezer
385,JANSEN Amund Grøndahl,https://www.procyclingstats.com/rider/amund-grondahl-jansen
386,POWLESS Neilson,https://www.procyclingstats.com/rider/neilson-powless
387,ROOSEN Timo,https://www.procyclingstats.com/rider/timo-roosen
388,LINDEMAN Bert-Jan,https://www.procyclingstats.com/rider/bert-jan-lindeman
389,VAN DER HOORN Taco,https://www.procyclingstats.com/rider/taco-van-der-hoorn
390,DE PLUS Laurens,https://www.procyclingstats.com/rider/laurens-de-plus
391,TOLHOEK Antwan,https://www.procyclingstats.com/rider/antwan-tolhoek
392,BOUWMAN Koen,https://www.procyclingstats.com/rider/koen-bouwman
393,EENKHOORN Pascal,https://www.procyclingstats.com/rider/pascal-eenkhoorn
394,DE TIER Floris,https://www.procyclingstats.com/rider/floris-de-tier
395,HOFSTEDE Lennard,https://www.procyclingstats.com/rider/lennard-hofstede
396,OLIVIER Daan,https://www.procyclingstats.com/rider/daan-olivier
397,KRUL Stef,https://www.procyclingstats.com/rider/stef-krul
398,KITTEL Marcel,https://www.procyclingstats.com/rider/marcel-kittel
399,ŠPILAK Simon,https://www.procyclingstats.com/rider/simon-spilak
400,ZAKARIN Ilnur,https://www.procyclingstats.com/rider/ilnur-zakarin
401,DEBUSSCHERE Jens,https://www.procyclingstats.com/rider/jens-debusschere
402,NAVARRO Daniel,https://www.procyclingstats.com/rider/daniel-navarro
403,HAAS Nathan,https://www.procyclingstats.com/rider/nathan-haas
404,POLITT Nils,https://www.procyclingstats.com/rider/nils-politt
405,BATTAGLIN Enrico,https://www.procyclingstats.com/rider/enrico-battaglin
406,DOWSETT Alex,https://www.procyclingstats.com/rider/alex-dowsett
407,GUERREIRO Ruben,https://www.procyclingstats.com/rider/ruben-guerreiro
408,GONÇALVES José,https://www.procyclingstats.com/rider/jose-goncalves
409,KUZNETSOV Viacheslav,https://www.procyclingstats.com/rider/viacheslav-kuznetsov
410,HALLER Marco,https://www.procyclingstats.com/rider/marco-haller
411,HOLLENSTEIN Reto,https://www.procyclingstats.com/rider/reto-hollenstein
412,ZABEL Rick,https://www.procyclingstats.com/rider/rick-zabel
413,WÜRTZ SCHMIDT Mads,https://www.procyclingstats.com/rider/mads-wurtz-schmidt
414,KOCHETKOV Pavel,https://www.procyclingstats.com/rider/pavel-kochetkov
415,BOSWELL Ian,https://www.procyclingstats.com/rider/ian-boswell
416,FABBRO Matteo,https://www.procyclingstats.com/rider/matteo-fabbro
417,STRAKHOV Dmitry,https://www.procyclingstats.com/rider/dmitry-strakhov
418,BIERMANS Jenthe,https://www.procyclingstats.com/rider/jenthe-biermans
419,CRAS Steff,https://www.procyclingstats.com/rider/steff-cras
420,SMIT Willie,https://www.procyclingstats.com/rider/willie-smit
421,TANFIELD Harry,https://www.procyclingstats.com/rider/harry-tanfield
422,HOLLMANN Juri,https://www.procyclingstats.com/rider/juri-hollmann
423,BOUWMANS Dylan,https://www.procyclingstats.com/rider/dylan-boumans
424,MATTHEWS Michael,https://www.procyclingstats.com/rider/michael-matthews
425,DUMOULIN Tom,https://www.procyclingstats.com/rider/tom-dumoulin
426,KELDERMAN Wilco,https://www.procyclingstats.com/rider/wilco-kelderman
427,ROCHE Nicolas,https://www.procyclingstats.com/rider/nicolas-roche
428,BAKELANTS Jan,https://www.procyclingstats.com/rider/jan-bakelants
429,KRAGH ANDERSEN Søren,https://www.procyclingstats.com/rider/soren-kragh-andersen
430,ARNDT Nikias,https://www.procyclingstats.com/rider/nikias-arndt
431,OOMEN Sam,https://www.procyclingstats.com/rider/sam-oomen
432,HIRSCHI Marc,https://www.procyclingstats.com/rider/marc-hirschi
433,WALSCHEID Max,https://www.procyclingstats.com/rider/max-walscheid
434,HINDLEY Jai,https://www.procyclingstats.com/rider/jai-hindley
435,CURVERS Roy,https://www.procyclingstats.com/rider/roy-curvers
436,BOL Cees,https://www.procyclingstats.com/rider/cees-bol
437,FRÖHLINGER Johannes,https://www.procyclingstats.com/rider/johannes-frohlinger
438,KÄMNA Lennard,https://www.procyclingstats.com/rider/lennard-kamna
439,STORER Michael,https://www.procyclingstats.com/rider/michael-storer
440,POWER Robert,https://www.procyclingstats.com/rider/robert-power
441,HAGA Chad,https://www.procyclingstats.com/rider/chad-haga
442,HAMILTON Chris,https://www.procyclingstats.com/rider/chris-hamilton
443,PEDERSEN Casper,https://www.procyclingstats.com/rider/casper-pedersen
444,VERVAEKE Louis,https://www.procyclingstats.com/rider/louis-vervaeke
445,TUSVELD Martijn,https://www.procyclingstats.com/rider/martijn-tusveld
446,EEKHOFF Nils,https://www.procyclingstats.com/rider/nils-eekhoff
447,KANTER Max,https://www.procyclingstats.com/rider/max-kanter
448,KRAGH ANDERSEN Asbjørn,https://www.procyclingstats.com/rider/asbjorn-kragh-andersen
449,NIEUWENHUIS Joris,https://www.procyclingstats.com/rider/joris-nieuwenhuis
450,KOOISTRA Marten,https://www.procyclingstats.com/rider/marten-kooistra
451,STORK Florian,https://www.procyclingstats.com/rider/florian-stork
452,SALMON Martin,https://www.procyclingstats.com/rider/martin-salmon
453,MOLLEMA Bauke,https://www.procyclingstats.com/rider/bauke-mollema
454,DEGENKOLB John,https://www.procyclingstats.com/rider/john-degenkolb
455,PORTE Richie,https://www.procyclingstats.com/rider/richie-porte
456,STUYVEN Jasper,https://www.procyclingstats.com/rider/jasper-stuyven
457,FELLINE Fabio,https://www.procyclingstats.com/rider/fabio-felline
458,BRAMBILLA Gianluca,https://www.procyclingstats.com/rider/gianluca-brambilla
459,PEDERSEN Mads,https://www.procyclingstats.com/rider/mads-pedersen
460,THEUNS Edward,https://www.procyclingstats.com/rider/edward-theuns
461,SKUJIŅŠ Toms,https://www.procyclingstats.com/rider/toms-skujins
462,CICCONE Giulio,https://www.procyclingstats.com/rider/giulio-ciccone
463,DE KORT Koen,https://www.procyclingstats.com/rider/koen-de-kort
464,PANTANO Jarlinson,https://www.procyclingstats.com/rider/jarlinson-pantano
465,STETINA Peter,https://www.procyclingstats.com/rider/peter-stetina
466,IRIZAR Markel,https://www.procyclingstats.com/rider/markel-irizar
467,BEPPU Fumiyuki,https://www.procyclingstats.com/rider/fumiyuki-beppu
468,REIJNEN Kiel,https://www.procyclingstats.com/rider/kiel-reijnen
469,GOGL Michael,https://www.procyclingstats.com/rider/michael-gogl
470,MOSCA Jacopo,https://www.procyclingstats.com/rider/jacopo-mosca
471,KIRSCH Alex,https://www.procyclingstats.com/rider/alex-kirsch
472,MOSCHETTI Matteo,https://www.procyclingstats.com/rider/matteo-moschetti
473,BERNARD Julien,https://www.procyclingstats.com/rider/julien-bernard
474,MULLEN Ryan,https://www.procyclingstats.com/rider/ryan-mullen
475,CLARKE Will,https://www.procyclingstats.com/rider/william-clarke
476,EG Niklas,https://www.procyclingstats.com/rider/niklas-eg
477,CONCI Nicola,https://www.procyclingstats.com/rider/nicola-conci
478,LÓPEZ Juan Pedro,https://www.procyclingstats.com/rider/juan-pedro-lopez
479,FRAME Alex,https://www.procyclingstats.com/rider/alex-frame
480,QUARTERMAN Charlie,https://www.procyclingstats.com/rider/charlie-quarterman
481,DEBEAUMARCHÉ Nicolas,https://www.procyclingstats.com/rider/nicolas-debeaumarche
482,KRISTOFF Alexander,https://www.procyclingstats.com/rider/alexander-kristoff
483,MARTIN Dan,https://www.procyclingstats.com/rider/dan-martin
484,COSTA Rui,https://www.procyclingstats.com/rider/rui-costa
485,ULISSI Diego,https://www.procyclingstats.com/rider/diego-ulissi
486,POGAČAR Tadej,https://www.procyclingstats.com/rider/tadej-pogacar
487,HENAO Sergio,https://www.procyclingstats.com/rider/sergio-luis-henao
488,ARU Fabio,https://www.procyclingstats.com/rider/fabio-aru
489,MARCATO Marco,https://www.procyclingstats.com/rider/marco-marcato
490,GAVIRIA Fernando,https://www.procyclingstats.com/rider/fernando-gaviria
491,PHILIPSEN Jasper,https://www.procyclingstats.com/rider/jasper-philipsen
492,MORI Manuele,https://www.procyclingstats.com/rider/manuele-mori
493,FERRARI Roberto,https://www.procyclingstats.com/rider/roberto-ferrari
494,POLANC Jan,https://www.procyclingstats.com/rider/jan-polanc
495,SUTHERLAND Rory,https://www.procyclingstats.com/rider/rory-sutherland
496,CONSONNI Simone,https://www.procyclingstats.com/rider/simone-consonni
497,CONTI Valerio,https://www.procyclingstats.com/rider/valerio-conti
498,ĐURASEK Kristijan,https://www.procyclingstats.com/rider/kristijan-durasek
499,BYSTRØM Sven Erik,https://www.procyclingstats.com/rider/sven-erik-bystrom
500,LAENGEN Vegard Stake,https://www.procyclingstats.com/rider/vegard-stake-laengen
501,MOLANO Juan Sebastián,https://www.procyclingstats.com/rider/juan-sebastian-molano
502,PETILLI Simone,https://www.procyclingstats.com/rider/simone-petilli
503,RIABUSHENKO Alexandr,https://www.procyclingstats.com/rider/alexandr-riabushenko
504,MIRZA Yousif,https://www.procyclingstats.com/rider/yousef-mohamed-mirza
505,BOHLI Tom,https://www.procyclingstats.com/rider/tom-bohli
506,RAVASI Edward,https://www.procyclingstats.com/rider/edward-ravasi
507,OLIVEIRA Rui,https://www.procyclingstats.com/rider/rui-oliveira
508,TROIA Oliviero,https://www.procyclingstats.com/rider/oliviero-troia
509,OLIVEIRA Ivo,https://www.procyclingstats.com/rider/ivo-emanuel-alves
510,MUÑOZ Cristian Camilo,https://www.procyclingstats.com/rider/cristian-munoz
511,DALLA VALLE Nicolas,https://www.procyclingstats.com/rider/nicolas-dalla-valle
512,BEERS Matthew,https://www.procyclingstats.com/rider/matthew-beers
513,GAVAZZI Francesco,https://www.procyclingstats.com/rider/francesco-gavazzi
514,BELLETTI Manuel,https://www.procyclingstats.com/rider/manuel-belletti
515,CATTANEO Mattia,https://www.procyclingstats.com/rider/mattia-cattaneo
516,MASNADA Fausto,https://www.procyclingstats.com/rider/fausto-masnada
517,VENDRAME Andrea,https://www.procyclingstats.com/rider/andrea-vendrame
518,PELUCCHI Matteo,https://www.procyclingstats.com/rider/matteo-pelucchi
519,MONTAGUTI Matteo,https://www.procyclingstats.com/rider/matteo-montaguti
520,BENFATTO Marco,https://www.procyclingstats.com/rider/marco-benfatto
521,FRAPPORTI Marco,https://www.procyclingstats.com/rider/marco-frapporti
522,BUSATO Matteo,https://www.procyclingstats.com/rider/matteo-busato
523,BISOLTI Alessandro,https://www.procyclingstats.com/rider/alessandro-bisolti
524,RIVERA Kevin,https://www.procyclingstats.com/rider/kevin-rivera
525,RAVANELLI Simone,https://www.procyclingstats.com/rider/simone-ravanelli
526,MUÑOZ Daniel,https://www.procyclingstats.com/rider/daniel-munoz
527,FLÓREZ Miguel Eduardo,https://www.procyclingstats.com/rider/miguel-eduardo-florez
528,RUMAC Josip,https://www.procyclingstats.com/rider/josip-rumac
529,BAIS Mattia,https://www.procyclingstats.com/rider/mattia-bais
530,FRAPPORTI Mattia,https://www.procyclingstats.com/rider/mattia-frapporti
531,SPREAFICO Matteo,https://www.procyclingstats.com/rider/matteo-spreafico
532,VENCHIARUTTI Nicola,https://www.procyclingstats.com/rider/nicola-venchiarutti
533,VIEL Mattia,https://www.procyclingstats.com/rider/mattia-viel
534,CARDONA Julián,https://www.procyclingstats.com/rider/julian-cardona-tabares
535,FEDRIGO Leonardo,https://www.procyclingstats.com/rider/leonardo-fedrigo
536,GUARDINI Andrea,https://www.procyclingstats.com/rider/andrea-guardini
537,ROTA Lorenzo,https://www.procyclingstats.com/rider/lorenzo-rota
538,WACKERMANN Luca,https://www.procyclingstats.com/rider/luca-wackermann
539,BARBIN Enrico,https://www.procyclingstats.com/rider/enrico-barbin
540,ALBANESE Vincenzo,https://www.procyclingstats.com/rider/vincenzo-albanese
541,SENNI Manuel,https://www.procyclingstats.com/rider/manuel-senni
542,CARBONI Giovanni,https://www.procyclingstats.com/rider/giovanni-carboni
543,SIMION Paolo,https://www.procyclingstats.com/rider/paolo-simion
544,MAESTRI Mirco,https://www.procyclingstats.com/rider/mirco-maestri
545,TONELLI Alessandro,https://www.procyclingstats.com/rider/alessandro-tonelli
546,SAVINI Daniel,https://www.procyclingstats.com/rider/daniel-savini
547,COVILI Luca,https://www.procyclingstats.com/rider/luca-covili
548,MARONESE Marco,https://www.procyclingstats.com/rider/marco-maronese
549,PESSOT Alessandro,https://www.procyclingstats.com/rider/alessandro-pessot
550,ROMANO Francesco,https://www.procyclingstats.com/rider/francesco-romano
551,BRESCIANI Michael,https://www.procyclingstats.com/rider/michael-bresciani
552,ORSINI Umberto,https://www.procyclingstats.com/rider/umberto-orsini
553,MADRAZO Ángel,https://www.procyclingstats.com/rider/angel-madrazo
554,BOL Jetse,https://www.procyclingstats.com/rider/jetse-bol
555,VILELA Ricardo,https://www.procyclingstats.com/rider/ricardo-vilela
556,RUBIO Diego,https://www.procyclingstats.com/rider/diego-rubio
557,EZQUERRA Jesús,https://www.procyclingstats.com/rider/jesus-ezquerra-muela
558,NEVES FERNANDES José Carlos Prates,https://www.procyclingstats.com/rider/jose-fernandes
559,CABEDO Óscar,https://www.procyclingstats.com/rider/oscar-cabedo
560,LÓPEZ Daniel,https://www.procyclingstats.com/rider/daniel-lopez
561,PEÑALVER Manuel,https://www.procyclingstats.com/rider/manuel-penalver
562,GIBSON Matthew,https://www.procyclingstats.com/rider/matthew-gibson
563,BICO Nuno,https://www.procyclingstats.com/rider/nuno-bico
564,CUBERO Jorge,https://www.procyclingstats.com/rider/jorge-cubero
565,FUENTES Ángel,https://www.procyclingstats.com/rider/paniego-fuentes
566,SUREDA Jaume,https://www.procyclingstats.com/rider/jaume-sureda
567,SESSLER Nícolas,https://www.procyclingstats.com/rider/nicolas-sessler
568,MITRI James,https://www.procyclingstats.com/rider/james-mitri
569,LANGELLOTTI Victor,https://www.procyclingstats.com/rider/victor-langellotti
570,ROBREDO Álvaro,https://www.procyclingstats.com/rider/alvaro-robredo
571,PARDILLA Sergio,https://www.procyclingstats.com/rider/sergio-pardilla
572,CHERNETSKI Sergei,https://www.procyclingstats.com/rider/sergei-chernetski
573,ABERASTURI Jon,https://www.procyclingstats.com/rider/jon-aberasturi
574,ARANBURU Alex,https://www.procyclingstats.com/rider/alex-aranburu
575,LASTRA Jonathan,https://www.procyclingstats.com/rider/jonathan-lastra
576,SERRANO Gonzalo,https://www.procyclingstats.com/rider/gonzalo-serrano
577,RODRÍGUEZ Cristián,https://www.procyclingstats.com/rider/cristian-rodriguez
578,MALUCELLI Matteo,https://www.procyclingstats.com/rider/matteo-malucelli
579,BANASZEK Alan,https://www.procyclingstats.com/rider/alan-banaszek
580,AMEZQUETA Julen,https://www.procyclingstats.com/rider/julen-amezqueta
581,SOTO Nelson Andrés,https://www.procyclingstats.com/rider/nelson-soto
582,MOREIRA Mauricio,https://www.procyclingstats.com/rider/mauricio-moreira
583,CEPEDA Jefferson Alveiro,https://www.procyclingstats.com/rider/jefferson-cepeda-hernandez
584,GONÇALVES Domingos,https://www.procyclingstats.com/rider/domingos-goncalves
585,MOLINA Antonio,https://www.procyclingstats.com/rider/antonio-molina
586,CAÑELLAS Xavier,https://www.procyclingstats.com/rider/sanchez-canellas
587,CUADROS Álvaro,https://www.procyclingstats.com/rider/alvaro-cuadros
588,IRISARRI Jon,https://www.procyclingstats.com/rider/jon-irisarri
589,LAZKANO Oier,https://www.procyclingstats.com/rider/oier-lazkano
590,GONZÁLEZ David,https://www.procyclingstats.com/rider/david-gonzalez-lopez
591,MORA Sebastián,https://www.procyclingstats.com/rider/sebastian-mora-vedri
592,NICOLAU Joel,https://www.procyclingstats.com/rider/joel-nicolau
593,MARTÍN Sergio Roman,https://www.procyclingstats.com/rider/sergio-martin
594,PASCUAL Eusebio,https://www.procyclingstats.com/rider/eusebio-pascual
595,BOUHANNI Nacer,https://www.procyclingstats.com/rider/nacer-bouhanni
596,SIMON Julien,https://www.procyclingstats.com/rider/julien-simon
597,HERRADA Jesús,https://www.procyclingstats.com/rider/jesus-herrada-lopez
598,LAPORTE Christophe,https://www.procyclingstats.com/rider/christophe-laporte
599,ATAPUMA Darwin,https://www.procyclingstats.com/rider/darwin-atapuma
600,EDET Nicolas,https://www.procyclingstats.com/rider/nicolas-edet
601,HOFSTETTER Hugo,https://www.procyclingstats.com/rider/hugo-hofstetter
602,HERRADA José,https://www.procyclingstats.com/rider/jose-herrada
603,CLAEYS Dimitri,https://www.procyclingstats.com/rider/dimitri-claeys
604,LEMOINE Cyril,https://www.procyclingstats.com/rider/cyril-lemoine
605,MATÉ Luis Ángel,https://www.procyclingstats.com/rider/luis-angel-mate
606,BERHANE Natnael,https://www.procyclingstats.com/rider/natnael-berhane
607,PÉRICHON Pierre-Luc,https://www.procyclingstats.com/rider/pierre-luc-perichon
608,HANSEN Jesper,https://www.procyclingstats.com/rider/jesper-hansen-1
609,VAN LERBERGHE Bert,https://www.procyclingstats.com/rider/bert-van-lerberghe
610,ROSSETTO Stéphane,https://www.procyclingstats.com/rider/stephane-rossetto
611,VANBILSEN Kenneth,https://www.procyclingstats.com/rider/kenneth-van-bilsen
612,WAEYTENS Zico,https://www.procyclingstats.com/rider/zico-waeytens
613,PEREZ Anthony,https://www.procyclingstats.com/rider/anthony-perez
614,TOUZÉ Damien,https://www.procyclingstats.com/rider/damien-touze
615,SOUPE Geoffrey,https://www.procyclingstats.com/rider/geoffrey-soupe
616,FORTIN Filippo,https://www.procyclingstats.com/rider/filippo-fortin
617,LAFAY Victor,https://www.procyclingstats.com/rider/victor-lafay
618,LE TURNIER Mathias,https://www.procyclingstats.com/rider/mathias-le-turnier
619,MORIN Emmanuel,https://www.procyclingstats.com/rider/emmanuel-morin
620,CHETOUT Loïc,https://www.procyclingstats.com/rider/loic-chetout
621,VIVIANI Attilio,https://www.procyclingstats.com/rider/attilio-viviani
622,LEYDER Pit,https://www.procyclingstats.com/rider/pit-leyder
623,MATHIS Marco,https://www.procyclingstats.com/rider/marco-mathis
624,FINÉ Eddy,https://www.procyclingstats.com/rider/eddy-fine
625,BOUHANNI Rayane,https://www.procyclingstats.com/rider/rayane-bouhanni
626,VAN DER POEL Mathieu,https://www.procyclingstats.com/rider/mathieu-van-der-poel
627,DEVOLDER Stijn,https://www.procyclingstats.com/rider/stijn-devolder
628,MERLIER Tim,https://www.procyclingstats.com/rider/tim-merlier
629,JANS Roy,https://www.procyclingstats.com/rider/roy-jans
630,DE BONDT Dries,https://www.procyclingstats.com/rider/dries-de-bondt
631,VERMEERSCH Gianni,https://www.procyclingstats.com/rider/gianni-vermeersch
632,STALLAERT Joeri,https://www.procyclingstats.com/rider/joeri-stallaert
633,HANSEN Lasse Norman,https://www.procyclingstats.com/rider/lasse-norman-hansen
634,RICKAERT Jonas,https://www.procyclingstats.com/rider/jonas-rickaert
635,JANSSENS Jimmy,https://www.procyclingstats.com/rider/jimmy-janssens
636,WALSLEBEN Philipp,https://www.procyclingstats.com/rider/philipp-walsleben
637,MEISEN Marcel,https://www.procyclingstats.com/rider/marcel-meisen
638,VAN TRIJP Maarten,https://www.procyclingstats.com/rider/maarten-van-trijp
639,VERGAERDE Otto,https://www.procyclingstats.com/rider/otto-vergaerde
640,VAN DER POEL David,https://www.procyclingstats.com/rider/david-van-der-poel
641,MEEUSEN Tom,https://www.procyclingstats.com/rider/tom-meeusen
642,CLÉ Brent,https://www.procyclingstats.com/rider/brent-cle
643,BENOIST Antoine,https://www.procyclingstats.com/rider/antoine-benoist
644,FAGERHAUG Petter,https://www.procyclingstats.com/rider/petter-fagerhaug
645,ROUILLER Loris,https://www.procyclingstats.com/rider/loris-rouiller
646,FINETTO Mauro,https://www.procyclingstats.com/rider/mauro-finetto
647,NAVARDAUSKAS Ramūnas,https://www.procyclingstats.com/rider/ramunas-navardauskas
648,MORENO Javier,https://www.procyclingstats.com/rider/javier-moreno
649,EL FARES Julien,https://www.procyclingstats.com/rider/julien-el-fares
650,GROSU Eduard-Michael,https://www.procyclingstats.com/rider/eduard-michael-grosu
651,FERNÁNDEZ Delio,https://www.procyclingstats.com/rider/delio-fernandez
652,ŠIŠKEVIČIUS Evaldas,https://www.procyclingstats.com/rider/edvaldas-siskevicius
653,JONES Brenton,https://www.procyclingstats.com/rider/brenton-jones
654,COMBAUD Romain,https://www.procyclingstats.com/rider/romain-combaud
655,ARERUYA Joseph,https://www.procyclingstats.com/rider/joseph-areruya
656,FILOSI Iuri,https://www.procyclingstats.com/rider/iuri-filosi
657,ROCHAS Rémy,https://www.procyclingstats.com/rider/remy-rochas
658,GUERIN Alexis,https://www.procyclingstats.com/rider/alexis-guerin
659,SCHMIDT Fabien,https://www.procyclingstats.com/rider/fabien-schmidt
660,FEDELI Alessandro,https://www.procyclingstats.com/rider/alessandro-fedeli
661,LEVEAU Jérémy,https://www.procyclingstats.com/rider/jeremy-leveau
662,CARR Simon,https://www.procyclingstats.com/rider/simon-carr
663,TRARIEUX Julien,https://www.procyclingstats.com/rider/julien-trarieux
664,KASPERKIEWICZ Przemysław,https://www.procyclingstats.com/rider/przemyslaw-kasperkiewicz
665,DELETTRE Alexandre,https://www.procyclingstats.com/rider/alexandre-delettre
666,DE ROSSI Lucas,https://www.procyclingstats.com/rider/lucas-de-rossi
667,GUICHARD Mickaël,https://www.procyclingstats.com/rider/mickael-guichard
668,INTXAUSTI Beñat,https://www.procyclingstats.com/rider/benat-intxausti
669,SANZ Enrique,https://www.procyclingstats.com/rider/enrique-sanz
670,BIZKARRA Mikel,https://www.procyclingstats.com/rider/mikel-bizkarra
671,BRAVO Garikoitz,https://www.procyclingstats.com/rider/garikoitz-bravo
672,RODRÍGUEZ Óscar,https://www.procyclingstats.com/rider/oscar-rodriguez
673,BARCELÓ Fernando,https://www.procyclingstats.com/rider/fernando-barcelo
674,ITURRIA Mikel,https://www.procyclingstats.com/rider/mikel-iturria
675,BARTHE Cyril,https://www.procyclingstats.com/rider/cyril-barthe
676,ARISTI Mikel,https://www.procyclingstats.com/rider/mikel-aristi
677,SAMITIER Sergio,https://www.procyclingstats.com/rider/sergio-samitier
678,BAGÜES Aritz,https://www.procyclingstats.com/rider/aritz-bagues
679,GONZÁLEZ Mario,https://www.procyclingstats.com/rider/mario-gonzalez-salas
680,SÁEZ Héctor,https://www.procyclingstats.com/rider/hector-saez
681,BERRADE Urko,https://www.procyclingstats.com/rider/urko-berrade-fernandez
682,LÓPEZ-CÓZAR Juan Antonio,https://www.procyclingstats.com/rider/juan-antonio-lopez-cozar-jaimez
683,IRIZAR Julen,https://www.procyclingstats.com/rider/julen-irizar
684,VIEJO José Daniel,https://www.procyclingstats.com/rider/jose-daniel-viejo
685,RODRÍGUEZ Sergio,https://www.procyclingstats.com/rider/sergio-rodriguez
686,BARRENETXEA Ander,https://www.procyclingstats.com/rider/ander-barrenetxea
687,UDONDO Gotzon,https://www.procyclingstats.com/rider/gotzon-udondo
688,VLASOV Aleksandr,https://www.procyclingstats.com/rider/aleksandr-vlasov
689,PORSEV Alexander,https://www.procyclingstats.com/rider/alexander-porsev
690,ROVNY Ivan,https://www.procyclingstats.com/rider/ivan-rovny
691,SHALUNOV Evgeny,https://www.procyclingstats.com/rider/evgeny-shalunov
692,SHILOV Sergey,https://www.procyclingstats.com/rider/sergey-shilov
693,VOROBYEV Anton,https://www.procyclingstats.com/rider/anton-vorobyev
694,NYCH Artem,https://www.procyclingstats.com/rider/artem-nych
695,ARSLANOV Ildar,https://www.procyclingstats.com/rider/ildar-arslanov
696,BOEV Igor,https://www.procyclingstats.com/rider/igor-boev
697,RYBALKIN Aleksey,https://www.procyclingstats.com/rider/aleksey-rybalkin
698,CHERKASOV Nikolay,https://www.procyclingstats.com/rider/nikolay-cherkasov
699,EVTUSHENKO Alexander,https://www.procyclingstats.com/rider/alexander-evtushenko
700,STASH Mamyr,https://www.procyclingstats.com/rider/mamyr-stash
701,NEKRASOV Denis,https://www.procyclingstats.com/rider/denis-nekrasov
702,KULIKOVSKIY Alexandr,https://www.procyclingstats.com/rider/alexandr-kulikovskiy
703,KURIANOV Stepan,https://www.procyclingstats.com/rider/stepan-kurianov
704,RIKUNOV Petr,https://www.procyclingstats.com/rider/petr-rikunov
705,KOBERNYAK Evgeny,https://www.procyclingstats.com/rider/evgeny-kobernyak
706,KULIKOV Vladislav,https://www.procyclingstats.com/rider/vladislav-kulikov
707,KURBATOV Alexey,https://www.procyclingstats.com/rider/alexey-kurbatov
708,LANDI Marco,https://www.procyclingstats.com/rider/marco-landi
709,POPOV Anton,https://www.procyclingstats.com/rider/anton-popov-aleksandrovich
710,VTIURIN Anton,https://www.procyclingstats.com/rider/anton-vtiurin
711,ALMEIDA João,https://www.procyclingstats.com/rider/joao-almeida
712,BJERG Mikkel,https://www.procyclingstats.com/rider/mikkel-bjerg
713,GARRISON Ian,https://www.procyclingstats.com/rider/ian-garrison
714,QUINN Sean,https://www.procyclingstats.com/rider/sean-quinn
715,VERMAERKE Kevin,https://www.procyclingstats.com/rider/kevin-vermaerke
716,CARVALHO Andre,https://www.procyclingstats.com/rider/andre-carvalho
717,RICE Michael,https://www.procyclingstats.com/rider/michael-rice
718,BROWN Jonny,https://www.procyclingstats.com/rider/jonathan-brown
719,ZIJLAARD Maikel,https://www.procyclingstats.com/rider/maikel-zijlaard
720,REVARD Thomas,https://www.procyclingstats.com/rider/thomas-revard
721,ANDERSON Edward,https://www.procyclingstats.com/rider/edward-anderson
722,VACEK Karel,https://www.procyclingstats.com/rider/karel-vacek
723,DAVIS Cole,https://www.procyclingstats.com/rider/cole-davis
724,EGHOLM Jakob,https://www.procyclingstats.com/rider/jakob-egholm
725,MOSTOV Zeke,https://www.procyclingstats.com/rider/zeke-mostov
726,HOLOWESKO Liam,https://www.procyclingstats.com/rider/liam-holowesko
727,HERMANS Ben,https://www.procyclingstats.com/rider/ben-hermans
728,PLAZA Rubén,https://www.procyclingstats.com/rider/ruben-plaza
729,VAN ASBROECK Tom,https://www.procyclingstats.com/rider/tom-van-asbroeck
730,SBARAGLI Kristian,https://www.procyclingstats.com/rider/kristian-sbaragli
731,CIMOLAI Davide,https://www.procyclingstats.com/rider/davide-cimolai
732,BRÄNDLE Matthias,https://www.procyclingstats.com/rider/matthias-brandle
733,BARBIER Rudy,https://www.procyclingstats.com/rider/rudy-barbier
734,BOIVIN Guillaume,https://www.procyclingstats.com/rider/guillaume-boivin
735,RÄIM Mihkel,https://www.procyclingstats.com/rider/mihkel-raim
736,NEILANDS Krists,https://www.procyclingstats.com/rider/krists-neilands
737,ENGER Sondre Holst,https://www.procyclingstats.com/rider/sondre-holst-enger
738,ÁVILA Edwin,https://www.procyclingstats.com/rider/edwin-avila
739,JENSEN August,https://www.procyclingstats.com/rider/august-jensen
740,DEMPSTER Zak,https://www.procyclingstats.com/rider/zakkari-dempster
741,VAN WINDEN Dennis,https://www.procyclingstats.com/rider/dennis-van-winden
742,MINALI Riccardo,https://www.procyclingstats.com/rider/riccardo-minali
743,EARLE Nathan,https://www.procyclingstats.com/rider/nathan-earle
744,BADILATTI Matteo,https://www.procyclingstats.com/rider/matteo-badilatti
745,TUREK Daniel,https://www.procyclingstats.com/rider/daniel-turek
746,PERRY Benjamin,https://www.procyclingstats.com/rider/benjamin-perry
747,CATAFORD Alexander,https://www.procyclingstats.com/rider/alexander-cataford
748,RENARD Alexis,https://www.procyclingstats.com/rider/alexis-renard
749,EINHORN Itamar,https://www.procyclingstats.com/rider/itamar-einhorn
750,GOLDSTEIN Omer,https://www.procyclingstats.com/rider/omer-goldstein
751,NIV Guy,https://www.procyclingstats.com/rider/guy-niv
752,SAGIV Guy,https://www.procyclingstats.com/rider/guy-sagiv
753,DUNNE Conor,https://www.procyclingstats.com/rider/conor-dunne
754,CARISEY Clément,https://www.procyclingstats.com/rider/clement-carisey
755,GEBREMEDHIN Awet,https://www.procyclingstats.com/rider/awet-gebremedhin-andemeskel
756,OVETT Freddy,https://www.procyclingstats.com/rider/freddy-ovett
757,GOLDSTEIN Roy,https://www.procyclingstats.com/rider/roy-goldstein
758,SCHREURS Hamish,https://www.procyclingstats.com/rider/hamish-schreurs
759,BEN MOSHE Yuval,https://www.procyclingstats.com/rider/yuval-ben-moshe
760,RESTREPO Jhonatan,https://www.procyclingstats.com/rider/jhonatan-restrepo
761,QUINTERO Carlos,https://www.procyclingstats.com/rider/carlos-quintero
762,JARAMILLO Daniel,https://www.procyclingstats.com/rider/daniel-alexander-jaramillo-diez
763,SIERRA Yecid,https://www.procyclingstats.com/rider/yecid-sierra
764,GARCÍA Jhojan,https://www.procyclingstats.com/rider/jhojan-garcia
765,PAREDES Wilmar,https://www.procyclingstats.com/rider/wilmar-paredes
766,REYES Aldemar,https://www.procyclingstats.com/rider/aldemar-reyes
767,OCHOA Diego Antonio,https://www.procyclingstats.com/rider/diego-antonio-ochoa
768,SUAZA Bernardo,https://www.procyclingstats.com/rider/bernardo-suaza
769,OSORIO Juan Felipe,https://www.procyclingstats.com/rider/juan-felipe-osorio
770,GÓMEZ Bryan,https://www.procyclingstats.com/rider/bryan-gomez
771,MENDOZA Omar Alberto,https://www.procyclingstats.com/rider/omar-mendoza
772,PARRA Jordan,https://www.procyclingstats.com/rider/jordan-parra
773,CHIA Luis Carlos,https://www.procyclingstats.com/rider/luis-carlos-chia-bermudez
774,SAENZ Nicolas,https://www.procyclingstats.com/rider/nicolas-saenz
775,AMADOR Juan José,https://www.procyclingstats.com/rider/juan-jose-amador-castano
776,VISCONTI Giovanni,https://www.procyclingstats.com/rider/giovanni-visconti
777,VELASCO Simone,https://www.procyclingstats.com/rider/simone-velasco
778,BONGIORNO Francesco Manuel,https://www.procyclingstats.com/rider/francesco-manuel-bongiorno
779,ZARDINI Edoardo,https://www.procyclingstats.com/rider/edoardo-zardini
780,QUINTANA Dayer,https://www.procyclingstats.com/rider/dayer-quintana-rojas
781,PACIONI Luca,https://www.procyclingstats.com/rider/luca-pacioni
782,FORTUNATO Lorenzo,https://www.procyclingstats.com/rider/lorenzo-fortunato
783,GABBURO Davide,https://www.procyclingstats.com/rider/davide-gabburo
784,BERTAZZO Liam,https://www.procyclingstats.com/rider/liam-bertazzo
785,SCHÖNBERGER Sebastian,https://www.procyclingstats.com/rider/sebastian-schonberger
786,VAN EMPEL Etienne,https://www.procyclingstats.com/rider/etienne-van-empel
787,MARENGO Umberto,https://www.procyclingstats.com/rider/umberto-marengo
788,FONZI Giuseppe,https://www.procyclingstats.com/rider/giuseppe-fonzi
789,RAGGIO Luca,https://www.procyclingstats.com/rider/luca-raggio
790,GONZÁLEZ Roberto Carlos,https://www.procyclingstats.com/rider/roberto-gonzalez
791,BEVILACQUA Simone,https://www.procyclingstats.com/rider/simone-bevilacqua
792,MARCHETTI Moreno,https://www.procyclingstats.com/rider/moreno-marchetti
793,ROSA Massimo,https://www.procyclingstats.com/rider/massimo-rosa
794,BEVILACQUA Mattia,https://www.procyclingstats.com/rider/mattia-bevilacqua
795,BARTOLOZZI Andrea,https://www.procyclingstats.com/rider/andrea-bartolozzi
796,IACCHI Alessandro,https://www.procyclingstats.com/rider/alessandro-iacchi
797,LOBATO Juan José,https://www.procyclingstats.com/rider/juan-jose-lobato
798,CANOLA Marco,https://www.procyclingstats.com/rider/marco-canola
799,MOSER Moreno,https://www.procyclingstats.com/rider/moreno-moser
800,SANTAROMITA Ivan,https://www.procyclingstats.com/rider/ivan-santaromita
801,NAKANE Hideto,https://www.procyclingstats.com/rider/hideto-nakane
802,CIMA Damiano,https://www.procyclingstats.com/rider/damiano-cima
803,BAGIOLI Nicola,https://www.procyclingstats.com/rider/nicola-bagioli
804,LONARDI Giovanni,https://www.procyclingstats.com/rider/giovanni-lonardi
805,FIORELLI Filippo,https://www.procyclingstats.com/rider/filippo-fiorelli
806,CIMA Imerio,https://www.procyclingstats.com/rider/imerio-cima
807,ZACCANTI Filippo,https://www.procyclingstats.com/rider/filippo-zaccanti
808,HATSUYAMA Sho,https://www.procyclingstats.com/rider/sho-hatsuyama
809,ITO Masakazu,https://www.procyclingstats.com/rider/masakazu-ito
810,OSORIO Alejandro,https://www.procyclingstats.com/rider/alejandro-osorio-carbajal
811,YOSHIDA Hayato,https://www.procyclingstats.com/rider/hayato-yoshida
812,ISHIGAMI Masahiro,https://www.procyclingstats.com/rider/masahiro-ishigami
813,BOU Joan,https://www.procyclingstats.com/rider/joan-bou
814,ACOSTA Ruben Dario,https://www.procyclingstats.com/rider/ruben-mario-acosta
815,KUSABA Keigo,https://www.procyclingstats.com/rider/keigo-kusaba
816,NISHIMURA Hiroki,https://www.procyclingstats.com/rider/hiroki-nishimura
817,TUFT Svein,https://www.procyclingstats.com/rider/svein-tuft
818,MCNULTY Brandon,https://www.procyclingstats.com/rider/brandon-mcnulty
819,BRITTON Rob,https://www.procyclingstats.com/rider/rob-britton
820,MANNION Gavin,https://www.procyclingstats.com/rider/gavin-mannion
821,CARPENTER Robin,https://www.procyclingstats.com/rider/robin-carpenter
822,MURPHY John,https://www.procyclingstats.com/rider/john-murphy
823,ANDERSON Ryan,https://www.procyclingstats.com/rider/ryan-anderson
824,JOYCE Colin,https://www.procyclingstats.com/rider/colin-joyce
825,HUFFMAN Evan,https://www.procyclingstats.com/rider/evan-huffman
826,MURPHY Kyle,https://www.procyclingstats.com/rider/kyle-murphy
827,DE VOS Adam,https://www.procyclingstats.com/rider/adam-de-vos
828,MAGNER Ty,https://www.procyclingstats.com/rider/ty-magner
829,COTÉ Pier-André,https://www.procyclingstats.com/rider/pier-andre-cote
830,ELLSAY Nigel,https://www.procyclingstats.com/rider/nigel-ellsay
831,DAL-CIN Matteo,https://www.procyclingstats.com/rider/matteo-dal-cin
832,ORONTE Emerson,https://www.procyclingstats.com/rider/emerson-oronte
833,QUAADE Rasmus,https://www.procyclingstats.com/rider/rasmus-quaade
834,AAEN JØRGENSEN Jonas,https://www.procyclingstats.com/rider/jonas-aaen-jorgensen
835,KAMP Alexander,https://www.procyclingstats.com/rider/alexander-kamp
836,KRON Andreas,https://www.procyclingstats.com/rider/andreas-kron
837,VINTHER Troels Rønning,https://www.procyclingstats.com/rider/troels-vinther
838,ERIKSSON Lucas,https://www.procyclingstats.com/rider/lucas-eriksson
839,VINJEBO Emil,https://www.procyclingstats.com/rider/emil-vinjebo
840,STOKBRO Andreas,https://www.procyclingstats.com/rider/andreas-stokbro
841,NORSGAARD Mathias,https://www.procyclingstats.com/rider/mathias-norsgaard
842,HAGEN Krister,https://www.procyclingstats.com/rider/krister-hagen
843,BRØCHNER Nicolai,https://www.procyclingstats.com/rider/nicolai-brochner
844,LUNKE Sindre,https://www.procyclingstats.com/rider/sindre-skjoestad-lunke
845,WALLIN Rasmus Bøgh,https://www.procyclingstats.com/rider/rasmus-bogh-wallin
846,VEYHE Torkil,https://www.procyclingstats.com/rider/torkil-veyhe
847,MAGNUSSON Kim,https://www.procyclingstats.com/rider/kim-magnusson
848,KONGSTAD Tobias,https://www.procyclingstats.com/rider/tobias-kongstad
849,BOOM Lars,https://www.procyclingstats.com/rider/lars-boom
850,WEENING Pieter,https://www.procyclingstats.com/rider/pieter-weening
851,VAN STAEYEN Michael,https://www.procyclingstats.com/rider/michael-van-staeyen
852,LAMMERTINK Maurits,https://www.procyclingstats.com/rider/maurits-lammertink
853,DUIJN Huub,https://www.procyclingstats.com/rider/huub-duijn
854,DE BIE Sean,https://www.procyclingstats.com/rider/sean-de-bie
855,VAN POPPEL Boy,https://www.procyclingstats.com/rider/boy-van-poppel
856,VAN DER LIJKE Nick,https://www.procyclingstats.com/rider/nick-van-der-lijke
857,RIESEBEEK Oscar,https://www.procyclingstats.com/rider/oscar-riesebeek
858,ASSELMAN Jesper,https://www.procyclingstats.com/rider/jesper-asselman
859,VAN SCHIP Jan-Willem,https://www.procyclingstats.com/rider/jan-willem-van-schip
860,REINDERS Elmar,https://www.procyclingstats.com/rider/elmar-reinders
861,STEELS Stijn,https://www.procyclingstats.com/rider/stijn-steels
862,LIVYNS Arjen,https://www.procyclingstats.com/rider/arjen-livyns
863,VAN GINNEKEN Sjoerd,https://www.procyclingstats.com/rider/sjoerd-van-ginneken
864,DE WITTE Mathias,https://www.procyclingstats.com/rider/mathias-de-witte
865,LEYSEN Senne,https://www.procyclingstats.com/rider/senne-leysen
866,TIMMERMANS Justin,https://www.procyclingstats.com/rider/justin-timmermans
867,CAPIOT Amaury,https://www.procyclingstats.com/rider/amaury-capiot
868,VAN HECKE Preben,https://www.procyclingstats.com/rider/preben-van-hecke
869,SPRENGERS Thomas,https://www.procyclingstats.com/rider/thomas-sprengers
870,ALLEGAERT Piet,https://www.procyclingstats.com/rider/piet-allegaert
871,VAN GESTEL Dries,https://www.procyclingstats.com/rider/dries-van-gestel
872,NOPPE Christophe,https://www.procyclingstats.com/rider/christophe-noppe
873,MENTEN Milan,https://www.procyclingstats.com/rider/milan-menten
874,PLANCKAERT Edward,https://www.procyclingstats.com/rider/edward-planckaert
875,DECLERCQ Benjamin,https://www.procyclingstats.com/rider/benjamin-declercq
876,VAN ROOY Kenneth,https://www.procyclingstats.com/rider/kenneth-van-rooy
877,WARLOP Jordi,https://www.procyclingstats.com/rider/jordi-warlop
878,DELTOMBE Kevin,https://www.procyclingstats.com/rider/kevin-deltombe
879,WEEMAES Sasha,https://www.procyclingstats.com/rider/sasha-weemaes
880,VAN POUCKE Aaron,https://www.procyclingstats.com/rider/aaron-van-poucke
881,WILLEMS Thimo,https://www.procyclingstats.com/rider/thimo-willems
882,GHYS Robbe,https://www.procyclingstats.com/rider/robbe-ghys
883,DE VYLDER Lindsay,https://www.procyclingstats.com/rider/lindsay-de-vylder
884,VAN GOMPEL Mathias,https://www.procyclingstats.com/rider/mathias-van-gompel
885,VERWILST Aaron,https://www.procyclingstats.com/rider/aaron-verwilst
886,PLANCKAERT Emiel,https://www.procyclingstats.com/rider/emiel-planckaert
887,DE KETELE Kenny,https://www.procyclingstats.com/rider/kenny-de-ketele
888,DE PAUW Moreno,https://www.procyclingstats.com/rider/moreno-de-pauw
889,GREIPEL André,https://www.procyclingstats.com/rider/andre-greipel
890,BARGUIL Warren,https://www.procyclingstats.com/rider/warren-barguil
891,BOUET Maxime,https://www.procyclingstats.com/rider/maxime-bouet
892,HARDY Romain,https://www.procyclingstats.com/rider/romain-hardy
893,PICHON Laurent,https://www.procyclingstats.com/rider/laurent-pichon
894,DELAPLACE Anthony,https://www.procyclingstats.com/rider/anthony-delaplace
895,MOINARD Amaël,https://www.procyclingstats.com/rider/amael-moinard
896,VACHON Florian,https://www.procyclingstats.com/rider/florian-vachon
897,FEILLU Brice,https://www.procyclingstats.com/rider/brice-feillu
898,WAGNER Robert,https://www.procyclingstats.com/rider/robert-wagner
899,BONNAMOUR Franck,https://www.procyclingstats.com/rider/franck-bonnamour
900,GESBERT Élie,https://www.procyclingstats.com/rider/elie-gesbert
901,WELTEN Bram,https://www.procyclingstats.com/rider/bram-welten
902,SWIFT Connor,https://www.procyclingstats.com/rider/connor-swift
903,JARRIER Benoît,https://www.procyclingstats.com/rider/benoit-jarrier
904,LEDANOIS Kévin,https://www.procyclingstats.com/rider/kevin-ledanois
905,DANIEL Maxime,https://www.procyclingstats.com/rider/maxime-daniel
906,RUSSO Clément,https://www.procyclingstats.com/rider/clement-russo
907,GUERNALEC Thibault,https://www.procyclingstats.com/rider/thibault-guernalec
908,RIOU Alan,https://www.procyclingstats.com/rider/alan-riou
909,MAISON Jérémy,https://www.procyclingstats.com/rider/jeremy-maison
910,LE ROUX Romain,https://www.procyclingstats.com/rider/romain-le-roux
911,JARNET Maxime,https://www.procyclingstats.com/rider/maxime-jarnet
912,DOLEATTO Aurélien,https://www.procyclingstats.com/rider/aurelien-doleatto
913,LECAMUS-LAMBERT Florentin,https://www.procyclingstats.com/rider/florentin-lecamus-lambert
914,KUSZTOR Péter,https://www.procyclingstats.com/rider/peter-kusztor
915,PERON Andrea,https://www.procyclingstats.com/rider/andrea-peron
916,LOZANO David,https://www.procyclingstats.com/rider/david-lozano
917,PLANET Charles,https://www.procyclingstats.com/rider/charles-planet
918,HENTTALA Joonas,https://www.procyclingstats.com/rider/joonas-henttala
919,BRAND Sam,https://www.procyclingstats.com/rider/sam-brand
920,POLI Umberto,https://www.procyclingstats.com/rider/umberto-poli
921,BENHAMOUDA Mehdi,https://www.procyclingstats.com/rider/mehdi-benhamouda
922,CALABRIA Fabio,https://www.procyclingstats.com/rider/fabio-calabria
923,KAMSTRA Brian,https://www.procyclingstats.com/rider/brian-kamstra
924,CLANCY Stephen,https://www.procyclingstats.com/rider/stephen-clancy
925,SAIDOV Ulugbek,https://www.procyclingstats.com/rider/ulugbek-saidov
926,IRVINE Declan,https://www.procyclingstats.com/rider/declan-irvine
927,MINI Emanuel,https://www.procyclingstats.com/rider/emanuel-mini
928,BEHRINGER Oliver,https://www.procyclingstats.com/rider/oliver-behringer
929,MUNDAY Samuel,https://www.procyclingstats.com/rider/samuel-munday
930,TERPSTRA Niki,https://www.procyclingstats.com/rider/niki-terpstra
931,TAARAMÄE Rein,https://www.procyclingstats.com/rider/rein-taaramae
932,HIVERT Jonathan,https://www.procyclingstats.com/rider/jonathan-hivert
933,BONIFAZIO Niccolò,https://www.procyclingstats.com/rider/niccolo-bonifazio
934,CALMEJANE Lilian,https://www.procyclingstats.com/rider/lilian-calmejane
935,PETIT Adrien,https://www.procyclingstats.com/rider/adrien-petit
936,TURGIS Anthony,https://www.procyclingstats.com/rider/anthony-turgis
937,LIGTHART Pim,https://www.procyclingstats.com/rider/pim-ligthart
938,GAUDIN Damien,https://www.procyclingstats.com/rider/damien-gaudin
939,SICARD Romain,https://www.procyclingstats.com/rider/romain-sicard
940,BOUDAT Thomas,https://www.procyclingstats.com/rider/thomas-boudat
941,GÈNE Yohann,https://www.procyclingstats.com/rider/yohann-gene
942,PICHOT Alexandre,https://www.procyclingstats.com/rider/alexandre-pichot
943,TULIK Angélo,https://www.procyclingstats.com/rider/angelo-tulik
944,COUSIN Jérôme,https://www.procyclingstats.com/rider/jerome-cousin
945,CARDIS Romain,https://www.procyclingstats.com/rider/romain-cardis
946,QUÉMÉNEUR Perrig,https://www.procyclingstats.com/rider/perrig-quemeneur
947,GRELLIER Fabien,https://www.procyclingstats.com/rider/fabien-grellier
948,BURGAUDEAU Mathieu,https://www.procyclingstats.com/rider/mathieu-burgaudeau
949,NAULEAU Bryan,https://www.procyclingstats.com/rider/bryan-nauleau
950,FERRON Valentin,https://www.procyclingstats.com/rider/valentin-ferron
951,OURSELIN Paul,https://www.procyclingstats.com/rider/paul-ourselin
952,SELLIER Simon,https://www.procyclingstats.com/rider/simon-sellier
953,ORCEAU Clément,https://www.procyclingstats.com/rider/clement-orceau
954,JOURNIAUX Axel,https://www.procyclingstats.com/rider/axel-journiaux
955,BERNARD Enzo,https://www.procyclingstats.com/rider/enzo-bernard
956,COQUARD Bryan,https://www.procyclingstats.com/rider/bryan-coquard
957,ROLLAND Pierre,https://www.procyclingstats.com/rider/pierre-rolland
958,VICHOT Arthur,https://www.procyclingstats.com/rider/arthur-vichot
959,GAUTIER Cyril,https://www.procyclingstats.com/rider/cyril-gautier
960,VAN GENECHTEN Jonas,https://www.procyclingstats.com/rider/jonas-van-genechten
961,BOECKMANS Kris,https://www.procyclingstats.com/rider/kris-boeckmans
962,LE BON Johan,https://www.procyclingstats.com/rider/johan-le-bon
963,PACHER Quentin,https://www.procyclingstats.com/rider/quentin-pacher
964,MANZIN Lorrenzo,https://www.procyclingstats.com/rider/lorrenzo-manzin
965,REZA Kévin,https://www.procyclingstats.com/rider/kevin-reza
966,DE BACKER Bert,https://www.procyclingstats.com/rider/bert-de-backer
967,BAGOT Yoann,https://www.procyclingstats.com/rider/yoann-bagot
968,LECROQ Jérémy,https://www.procyclingstats.com/rider/jeremy-lecroq
969,COURTEILLE Arnaud,https://www.procyclingstats.com/rider/arnaud-courteille
970,MÜLLER Patrick,https://www.procyclingstats.com/rider/patrick-muller
971,TURGIS Jimmy,https://www.procyclingstats.com/rider/jimmy-turgis
972,FOURNIER Marc,https://www.procyclingstats.com/rider/marc-fournier
973,CHEVALIER Maxime,https://www.procyclingstats.com/rider/maxime-chevalier
974,LAMMERTINK Steven,https://www.procyclingstats.com/rider/steven-lammertink
975,MORICE Julien,https://www.procyclingstats.com/rider/julien-morice
976,BOILEAU Alan,https://www.procyclingstats.com/rider/alan-boileau
977,ERMENAULT Corentin,https://www.procyclingstats.com/rider/corentin-ermenault
978,MOTTIER Justin,https://www.procyclingstats.com/rider/justin-mottier
979,CAM Maxime,https://www.procyclingstats.com/rider/maxime-cam
980,GAREL Adrien,https://www.procyclingstats.com/rider/adrien-garel
981,RIVIÈRE David,https://www.procyclingstats.com/rider/david-riviere
982,CÉSAR VELOSO Gustavo,https://www.procyclingstats.com/rider/gustavo-cesar-veloso
983,PINTO Edgar,https://www.procyclingstats.com/rider/edgar-pinto
984,MESTRE Ricardo,https://www.procyclingstats.com/rider/ricardo-mestre
985,ALARCÓN Raúl,https://www.procyclingstats.com/rider/raul-alarcon
986,RODRIGUES João,https://www.procyclingstats.com/rider/joao-rodrigues
987,CARVALHO Antonio,https://www.procyclingstats.com/rider/antonio-carvalho
988,CALDEIRA Samuel José,https://www.procyclingstats.com/rider/samuel-caldeira
989,MESTRE Daniel,https://www.procyclingstats.com/rider/daniel-mestre
990,FONTE César,https://www.procyclingstats.com/rider/cesar-fonte
991,REIS Rafael,https://www.procyclingstats.com/rider/rafael-reis
992,VINHAS Rui,https://www.procyclingstats.com/rider/rui-vinhas
993,SILVA Joaquim,https://www.procyclingstats.com/rider/joaquim-silva
994,CAMPOS Francisco,https://www.procyclingstats.com/rider/francisco-campos
995,MAGALHÃES Jorge,https://www.procyclingstats.com/rider/jorge-magalhaes
996,FERREIRA José,https://www.procyclingstats.com/rider/jose-ferreira
997,SÁNCHEZ Ángel,https://www.procyclingstats.com/rider/angel-sanchez-rebollido
998,PLANCKAERT Baptiste,https://www.procyclingstats.com/rider/baptiste-planckaert
999,DEHAES Kenny,https://www.procyclingstats.com/rider/kenny-dehaes
1000,JULES Justin,https://www.procyclingstats.com/rider/justin-jules
1001,ISTA Kevyn,https://www.procyclingstats.com/rider/kevyn-ista
1002,LIETAER Eliot,https://www.procyclingstats.com/rider/eliot-lietaer
1003,LIEPIŅŠ Emīls,https://www.procyclingstats.com/rider/emils-liepins
1004,NÕMMELA Aksel,https://www.procyclingstats.com/rider/aksel-nommela
1005,TAMINIAUX Lionel,https://www.procyclingstats.com/rider/lionel-taminiaux
1006,PEYSKENS Dimitri,https://www.procyclingstats.com/rider/dimitri-peyskens
1007,ROBEET Ludovic,https://www.procyclingstats.com/rider/ludovic-robeet
1008,HUYS Laurens,https://www.procyclingstats.com/rider/laurens-huys
1009,PAASSCHENS Mathijs,https://www.procyclingstats.com/rider/mathijs-paasschens
1010,WIRTGEN Tom,https://www.procyclingstats.com/rider/tom-wirtgen
1011,WIRTGEN Luc,https://www.procyclingstats.com/rider/luc-wirtgen
1012,PAQUOT Tom,https://www.procyclingstats.com/rider/tom-paquot
1013,SPENGLER Lukas,https://www.procyclingstats.com/rider/lukas-spengler
1014,MOLLY Kenny,https://www.procyclingstats.com/rider/kenny-molly
1015,MORTIER Julien,https://www.procyclingstats.com/rider/julien-mortier
1016,SIX Franklin,https://www.procyclingstats.com/rider/franklin-six
1017,CASTRIQUE Jonas,https://www.procyclingstats.com/rider/jonas-castrique
1018,MARTIN Guillaume,https://www.procyclingstats.com/rider/guillaume-martin
1019,DUPONT Timothy,https://www.procyclingstats.com/rider/timothy-dupont
1020,PASQUALON Andrea,https://www.procyclingstats.com/rider/andrea-pasqualon
1021,MEURISSE Xandro,https://www.procyclingstats.com/rider/xandro-meurisse
1022,BAUGNIES Jérôme,https://www.procyclingstats.com/rider/jerome-baugnies
1023,EIKING Odd Christian,https://www.procyclingstats.com/rider/odd-christian-eiking
1024,OFFREDO Yoann,https://www.procyclingstats.com/rider/yoann-offredo
1025,DE CLERCQ Bart,https://www.procyclingstats.com/rider/bart-de-clercq
1026,VLIEGEN Loïc,https://www.procyclingstats.com/rider/loic-vliegen
1027,VANSPEYBROUCK Pieter,https://www.procyclingstats.com/rider/pieter-vanspeybrouck
1028,DE GENDT Aimé,https://www.procyclingstats.com/rider/aime-de-gendt
1029,DEGAND Thomas,https://www.procyclingstats.com/rider/thomas-degand
1030,VALLÉE Boris,https://www.procyclingstats.com/rider/boris-vallee
1031,BACKAERT Frederik,https://www.procyclingstats.com/rider/frederik-backaert
1032,KREDER Wesley,https://www.procyclingstats.com/rider/wesley-kreder
1033,DEVRIENDT Tom,https://www.procyclingstats.com/rider/tom-devriendt
1034,MINNAARD Marco,https://www.procyclingstats.com/rider/marco-minnaard
1035,DOUBEY Fabien,https://www.procyclingstats.com/rider/fabien-doubey
1036,DE DECKER Alfdan,https://www.procyclingstats.com/rider/alfdan-de-decker
1037,TRONDSEN Trond,https://www.procyclingstats.com/rider/trond-trondsen
1038,VAN MELSEN Kévin,https://www.procyclingstats.com/rider/kevin-van-melsen
1039,BEULLENS Cédric,https://www.procyclingstats.com/rider/cedric-beullens
1040,DE WINTER Ludwig,https://www.procyclingstats.com/rider/ludwig-de-winter
1041,DELACROIX Théo,https://www.procyclingstats.com/rider/theo-delacroix
